int_id,get_nearby_distance,z,fiberID,plate,mjd,bestobjid,specobjid
1,0.000226739389935868,0.1170068,612,1582,52939,1237661125071208589,1781341927212345344
2,0.00135135511618212,0.121609,469,1610,53144,1237661813346009111,1812827820502575104
3,0.00168568156635275,0.1269882,466,1943,53386,1237664870287736963,2187751668907534336
4,0.000888956076527462,0.05523464,517,2783,54524,1237665566604525581,3133521628521064448
5,0.000512220322649294,0.1299694,483,2794,54537,1237665566614159471,3145897181865601024
6,0.000830005128720641,0.3722553,468,2524,54568,1237665566618550423,2841900084369582080
7,0.00102064507218284,0.3743551,9,2506,54179,1237667914342793240,2821507710560790528
8,5.21391325683431E-05,0.3096726,207,7594,56947,1237679457073627157,8550140908842274816
9,0.000951907483233944,0.2402315,280,519,52283,1237651735759159344,584419055767676928
10,0.00138738792643394,0.1169703,58,765,52254,1237657772316622887,861329409469081600
10,0.00029041843314332,0.1164524,610,7314,56990,1237657772316622887,8234999711444258816
11,0.00114024288165061,0.311276,98,1330,52822,1237659162269777994,1497473861480900608
11,0.000372410385078489,0.311537,220,8431,57482,1237659162269777994,9492522713258151936
12,0.000185395478771199,0.3902647,134,1433,53035,1237661382241353805,1613451451063887872
12,0.000183230556408611,0.3900391,521,8821,57731,1237661382241353805,9931706419354292224
13,0.000601616959663944,0.1133184,476,1383,53116,1237662194539298898,1557250465324886016
13,0.000560725853635744,0.1132963,682,10751,58220,1237662194539298898,12104737503107633152
14,0.000782733236102491,0.2248686,358,1443,53055,1237662195058933794,1624772023119013888
15,0.00069280508258249,0.02291058,136,1955,53442,1237664337708187670,2201171759019878400
16,0.000491199233716323,0.2947017,59,1997,53442,1237664338252988445,2248438389508433920
16,0.00017478593995598,0.2951808,959,8873,57427,1237664338252988445,9990373605933076480
17,0.0019983378858778,0.07700984,443,2123,53793,1237665430243704865,2390407336775673856
18,0.00103940018344412,0.04937034,457,2164,53886,1237665440994427031,2436573082807199744
19,0.000413308982617592,0.1490557,592,2202,53566,1237665441000784065,2479394382415947776
20,0.00217368438342536,0.02294176,111,853,52374,1237671958054502484,960423171813566464
21,0.00138602608119094,0.1058275,368,585,52027,1237654881274757156,658752634580133888
22,0.000602923180294873,0.04458556,558,1008,52707,1237657590852681764,1135060533385390080
23,0.000467412409952382,0.1842309,124,494,51915,1237658607148531745,556228670969112576
24,0.000552185301634182,0.02310827,403,1315,52791,1237658608755736616,1480669200119785472
25,0.000298167185411284,0.3144614,348,1838,53467,1237664853641658425,2069499744454993920
25,0.000212808295204491,0.3147805,255,8878,57785,1237664853641658425,9995809597427044352
26,4.35040373696724E-05,0.4473778,630,1847,54176,1237664854187704371,2079710371081381888
27,0.000582920467831739,0.2848447,512,2033,53476,1237664854715138070,2289095306417039360
28,0.000378927405266339,0.09831072,10,2784,54529,1237667911140835354,3134508165412972544
29,0.00103243932849362,0.0481308,173,522,52024,1237671763713851428,587767339206862848
30,0.000328448409482785,0.1133047,240,2953,54560,1237655468599804071,3324848472108066816
31,0.000619614990962139,0.1218863,31,1175,52791,1237655471824437368,1322940958580434944
32,0.00111883736640316,0.1434333,363,1006,52708,1237657632190562344,1132755132396627968
32,0.000798901866431394,0.143485,707,7282,56660,1237657632190562344,8198997572045787136
33,0.00174375868962108,0.007548481,32,1624,53386,1237661971185270795,1828470301613123584
34,0.00093649910344928,0.3996431,421,692,52201,1237663784739995674,779238496060598272
34,0.00093649910344928,0.3996353,510,1132,52903,1237663784739995674,1274658930982676480
34,2.72625555208487E-05,0.4000103,77,9412,58096,1237663784739995674,10596991224631283712
35,0.000554461165506614,0.341655,459,2121,54180,1237665103820095515,2388159941501282304
36,0.000523291634044271,0.1637161,479,2119,53792,1237665531709947914,2385913632736176128
37,0.000371375165122977,0.02095448,491,2144,53770,1237665532252323890,2414064428573026304
38,0.000127110885005279,0.04960209,5,2762,54533,1237668297145516085,3109736993140008960
39,0.000360659530952512,0.4871873,520,7141,56565,1237672764436185523,8040194281418543104
40,1.32872342738227E-05,0.1485672,603,7620,56904,1237679478012575854,8579523157349912576
41,0.00201354133333782,0.4580766,577,329,52056,1237650371554508818,370579708397512704
42,0.000359549776887432,0.1277341,466,497,51989,1237651273514745920,559700380175329280
43,0.000459569295687653,0.1568366,384,438,51884,1237651274031628444,493249743921637376
44,0.000412878266955783,0.3880886,383,458,51929,1237652901304533008,515767467935557632
44,0.00108832212752859,0.388484,922,7059,56592,1237652901304533008,7947980990429024256
45,0.00111177623281541,0.1773402,320,883,52430,1237657628991225893,994257619440920576
46,0.00154136127105124,0.04582256,547,1768,53442,1237661070338555922,1990741451260061696
47,0.00110923095284024,0.08017143,122,412,51871,1237663783144521731,463904328114006016
47,0.00110923095284024,0.0801526,133,412,51931,1237663783144521731,463907352777615360
47,0.00110923095284024,0.08014693,132,412,51936,1237663783144521731,463907077983594496
47,0.00110923095284024,0.08014796,132,412,51942,1237663783144521731,463907078084257792
47,0.00110923095284024,0.08020398,129,412,52235,1237663783144521731,463906258366261248
47,0.00110923095284024,0.08018456,131,412,52250,1237663783144521731,463906808373733376
47,0.00110923095284024,0.08017954,131,412,52254,1237663783144521731,463906808440842240
47,0.00110923095284024,0.08017637,129,412,52258,1237663783144521731,463906258752137216
48,0.0008018256439199,0.03310638,578,2290,53727,1237667254535258208,2578469728628533248
49,0.00146414201450339,0.1514729,228,2756,54508,1237668297677013119,3103042891052771328
50,0.000223225172701917,0.06355042,342,2613,54481,1237668298205364227,2942070540002682880
51,0.000608611021085769,0.05418641,423,2763,54507,1237668298219389033,3110977791575746560
52,0.000200058238726461,0.1418399,430,7604,56947,1237672766054006804,8561461205683949568
53,1.62492197848085E-05,0.4147801,79,8748,58396,1237678663038533695,9849394241276760064
54,0.00114507596618774,0.04151702,161,488,51914,1237651272431829033,549483441993836544
55,0.00220424614499854,0.443349,266,494,51915,1237651272437792771,556267703631898624
56,0.00253659988760542,0.1647034,597,665,52168,1237652900760584218,748887576533821440
56,0.000272695887476211,0.164699,734,7184,56629,1237652900760584218,8088666802358603776
57,0.000392881710898684,0.0302201,83,615,52345,1237654949448450067,692451296917088256
57,0.000392881710898684,0.03022659,108,615,52347,1237654949448450067,692458168898316288
58,0.00069679265193097,0.284112,220,1010,52649,1237657589780316167,1137219423493449728
58,8.82526398950101E-05,0.284092,958,8167,57071,1237657589780316167,9195487990851588096
59,0.00175592426570828,0.3949879,489,1229,52723,1237658493354115106,1383865446490466304
60,0.000656386874814397,0.05435376,367,1345,52814,1237661852549709864,1514436302106290176
61,0.00106015254113319,0.0392371,640,1575,53493,1237662620264497244,1773468333740419072
62,0.0010213679285652,0.4674143,11,1714,53521,1237662636368330851,1929795523057838080
63,0.0012236343150049,0.1188412,568,1727,53859,1237662636374949957,1944585334511659008
64,0.00083739337274494,0.08976129,250,2109,53468,1237665227312136208,2374591681191241728
65,0.00032549525114031,0.03339824,532,2525,54569,1237667782322028653,2843043576479246336
66,0.000763329127673198,0.08366632,148,2972,54586,1237671936043909353,3346215282006845440
67,0.000717702616642834,0.033103,76,1171,52753,1237659326565449796,1318449727821342720
68,0.00191621122841276,0.399824,355,812,52352,1237659327097864217,914328345473214464
68,7.61028829280181E-05,0.3996714,896,8429,57893,1237659327097864217,9490456737804996608
69,0.00243055624174007,0.3679648,413,1873,54437,1237663789569474622,2108924124532336640
70,0.00153077420705592,0.05436408,11,1869,53327,1237663915728568373,2104310005363664896
71,0.000167780939904306,0.1829528,61,2016,53799,1237665129622339736,2269831043483723776
72,0.000187597609557922,0.3557244,341,2155,53820,1237665178452557856,2426408096701114368
73,0.000337904574378181,0.06449452,637,2142,54208,1237665180061335571,2411852768282175488
74,0.00119634948153841,0.261786,177,706,52199,1237666407922991134,794934024513546240
74,0.000122498517341651,0.2615414,530,9371,58073,1237666407922991134,10550953847756705792
75,0.000857813426738723,0.300457,12,2769,54527,1237667735592435753,3117620216532592640
76,2.13322326001266E-05,0.4280129,108,7856,57260,1237678595947823134,8845099476773523456
77,0.000618360184400775,0.04702275,510,725,52258,1237653438155128872,816417658076424192
78,0.00202046240872151,0.005893506,83,916,52378,1237655497594896459,1031347169430366208
79,0.00126080611095671,0.02309059,348,1665,52976,1237661059573875305,1874719052333606912
79,0.00221961747711029,0.02313472,349,1666,52991,1237661059573875305,1875845227370014720
80,0.000845403845244292,0.4285249,526,1645,53172,1237662305117339725,1852249985752524800
80,0.000262018990270205,0.4286717,983,10757,58223,1237662305117339725,12111575640849010688
81,0.000641924425333825,0.03571216,620,1651,53442,1237662305122910284,1859031228246681600
82,0.00035598477882594,0.2323568,515,1653,53534,1237662305124614166,1861254167423641600
83,0.000162628532058725,0.4759721,58,1380,53084,1237662305652768807,1553757866102384640
83,0.000117131201014478,0.4769755,688,10756,58226,1237662305652768807,12110368652009951232
84,0.00184828063962012,0.2942613,276,396,51816,1237663783130497044,445932259879446528
84,2.46892560890849E-05,0.2937849,436,7874,57279,1237663783130497044,8865455835368935424
84,2.44661381700979E-05,0.2943392,602,9388,58074,1237663783130497044,10570113937399107584
85,0.000550832928622411,0.1395377,382,1923,53319,1237664836996891003,2165210579902425088
86,0.000418238097474285,0.05079341,534,1931,53358,1237664837002395706,2174259561253332992
87,0.00131487433497837,0.362186,280,2223,53793,1237667442967969827,2502952522361104384
88,0.00130887723076533,0.09969537,594,2233,53845,1237667444045643815,2514297833964726272
89,0.000458849682809654,0.3962561,604,2920,54562,1237648705653637151,3287793830773942272
90,0.00155411421438064,0.2817113,207,495,51988,1237651067891417167,557377386966968320
91,0.00121157094162864,0.3864042,463,619,52056,1237651539261194318,697059345300482048
91,0.0002746898367685,0.3870074,651,8413,57897,1237651539261194318,9472374994275422208
92,0.00385878300185853,0.2527491,220,1059,52592,1237657118403657960,1192388517972436992
92,0.00385878300185853,0.2527351,215,1059,52618,1237657118403657960,1192387144019109888
93,0.00146057210466733,0.1788042,20,942,52703,1237660637067542562,1060603255152732160
93,0.000360965819686518,0.1782913,228,8287,57401,1237660637067542562,9330395324337115136
94,0.000658277069212238,0.3415512,514,1398,53146,1237661434858373164,1574149409791305728
95,0.00107664800309321,0.1137073,296,1287,52728,1237661435927855168,1449114589735184384
96,0.000166497412909275,0.1743191,140,1819,54540,1237662262713647203,2048050489622292480
97,0.000141310359559449,0.09574385,490,1986,53475,1237664669519642696,2236171963464706048
98,0.000401904717464285,0.35581,193,2199,53556,1237665441534705741,2475907006242777088
99,0.00131869196217177,0.07582421,25,2356,53786,1237667253469708300,2652627115987462144
100,0.000699688762293344,0.1426254,194,2222,53799,1237667253475672093,2501802983054927872
101,0.000631179332147387,0.3338061,330,2612,54480,1237668299278450691,2940941341544179712
102,7.44414500814155E-05,0.09159148,599,2532,54589,1237668311632904348,2850943292982454272
103,0.000305779193099325,0.3218345,50,472,51955,1237650795143233717,531438532724549632
103,0.00011908407848218,0.322346,174,3821,55535,1237650795143233717,4302111465664696320
104,0.00139961260542876,0.4736708,553,554,52000,1237653613722337304,623900589427812352
104,0.000339794732723082,0.4740823,940,7285,56991,1237653613722337304,8202439323871891456
105,0.000733844898673801,0.03919747,535,550,51959,1237653614255145094,619392041310251008
106,0.00209183498039419,0.1347965,507,789,52342,1237655465922789404,888474428889917440
107,0.000392955557945088,0.06191602,623,1059,52592,1237657630579359815,1192499293768935424
107,0.000392955557945088,0.06183716,628,1059,52618,1237657630579359815,1192500668594677760
108,0.0022452506030439,0.02659269,580,879,52365,1237657630599872600,989825486978836480
108,0.0022452506030439,0.02645922,337,880,52367,1237657630599872600,990884591587846144
109,0.000268289528830823,0.3113525,187,1758,53084,1237661066553786531,1979383490138892288
110,0.000720716563240689,0.1337497,118,1601,53115,1237661949708075070,1802598238709114880
111,8.17368784265843E-05,0.1139307,77,1772,53089,1237662525234479221,1995115852348811264
112,0.000827781450749616,0.402565,149,1777,53857,1237662529526694003,2000765155977226240
113,1.83206699414999E-05,0.3233816,980,7687,57007,1237666275277209644,8655062081807339520
114,0.00109006222594038,0.3733639,9,2366,53741,1237667549268082776,2663881716254402560
115,0.000738900777927606,0.09356441,228,2486,53876,1237667549271228440,2799049905602062336
116,0.0021105386432486,0.3589468,251,276,51909,1237648720149544981,310817400670939136
117,0.00127870417097426,0.4236993,710,3773,55240,1237648720151117971,4248215599745093632
118,0.00139451734802433,0.09262062,414,355,51788,1237651212287475940,399808296380295168
119,0.00114119325971022,0.3715231,377,353,51703,1237651225171132471,397546324657989632
120,0.00259340361831458,0.3594384,475,357,51813,1237651225710362748,402076864165734400
120,0.00259340361831458,0.3592547,472,367,51997,1237651225710362748,413335041687447552
121,0.00088156796484012,0.1228317,133,451,51908,1237651249878007833,507817448758601728
122,0.000201716852958886,0.1346648,586,539,52017,1237651736851054654,607021162081314816
123,0.00198960649912408,0.2688896,537,526,52312,1237651737913393173,592370999224199168
124,0.000606513215296015,0.04310874,133,2974,54592,1237654953748201616,3348462958752589824
125,0.00337861881335043,0.06871108,9,1225,52760,1237660612902977553,1379229906088519680
126,0.000600043955442987,0.3789705,39,1223,52781,1237660613975146630,1376986352964364288
127,0.00118985117043676,0.1605024,435,1227,52733,1237660614514245640,1381598803437578240
128,0.000856411907442344,0.05014781,471,1223,52781,1237660615048364067,1377105100220164096
129,0.000559556290096196,0.1745976,412,1224,52765,1237660615049347102,1378214782062061568
130,0.0019567706442024,0.1496747,502,1224,52765,1237660615049609277,1378239521073686528
131,0.00141362340576316,0.05502596,54,1218,52709,1237660634383777814,1371360975390795776
132,0.000955644176060915,0.3755406,547,2001,53493,1237662223530655780,2253076130410031104
132,6.81359430081482E-05,0.3758788,374,8834,57458,1237662223530655780,9946302706510745600
133,0.000882685793558805,0.1738203,86,386,51788,1237663275779424259,434621033538938880
133,0.000371995659623289,0.1743928,698,9208,57688,1237663275779424259,10367478335970496512
134,0.000908875311454702,0.03524098,372,1744,53055,1237664106852450313,1963671743369340928
135,0.000260199799619982,0.1175316,630,2094,53851,1237665329860575281,2357807642618914816
136,0.00139580566618098,0.06329135,639,2504,54179,1237667782293979150,2819429083828480000
137,0.00278897599289875,0.07723631,360,517,52024,1237651736294195259,582189241841248256
138,0.000237643037493208,0.3139918,446,8829,57446,1237657775541714969,9940692997984505856
139,0.00112947176382152,0.09166554,23,827,52312,1237657776614015113,931125583939659776
140,7.87432047223245E-05,0.460881,46,755,52235,1237657596220211254,850067111547004928
141,0.00161286556026345,0.2364408,293,1061,52641,1237657606420758795,1194660384695412736
142,0.000772851764290804,0.2858998,545,963,52643,1237658613589999623,1084391463090939904
143,0.000726276164976462,0.2407427,630,1744,53055,1237661069785956459,1963742661869332480
144,8.53963703343548E-05,0.3859257,151,7427,56751,1237661874013601827,8362100227948433408
145,0.000171187798120329,0.3705309,580,1353,53083,1237661874028871772,1523502054868281344
145,0.000425196194550726,0.3700202,410,10743,58222,1237661874028871772,12095655537095757824
146,0.00117070297908203,0.4951543,135,1605,53062,1237661948637544582,1807106510371710976
147,0.00017737253586403,0.1756542,249,1610,53144,1237661948641148990,1812767347363047424
148,0.000351204548864867,0.03102375,78,1417,53141,1237662504293892158,1595421661170001920
149,0.00125560070763219,0.2852145,107,1771,53498,1237662524696625212,1993998205641058304
150,5.75262847990088E-05,0.4175824,161,7683,58133,1237680075005952144,8650333376065327104
151,0.00064705549335217,0.321395,605,943,52376,1237658205575970929,1061889953148987392
151,0.000385317902997141,0.3218609,270,6662,56364,1237658205575970929,7500819503191969792
151,0.000111419635492037,0.3219058,578,7385,56710,1237658205575970929,8314929804039442432
152,0.0100080864049291,0.0004606231,531,1250,52930,1237660554376183949,1407520892879136768
152,0.0100080864049291,0.001250121,60,1251,52964,1237660554376183949,1408517325862234112
153,0.012357685559427,0.0004606231,194,1251,52964,1237660554913185806,1408554159501764608
154,0.000380628342039871,0.2308216,390,1848,54180,1237662697571025035,2080770300357666816
155,0.000530810179733978,0.02289685,120,2108,53473,1237664339328827423,2373430047240382464
156,0.00130716940045882,0.3636065,340,2135,53827,1237665429172125706,2403889823803795456
157,0.000511137722645754,0.136087,114,2158,54209,1237665429177696323,2429723405663102976
158,0.000118060119142728,0.02641824,278,2293,53730,1237667211586109448,2581764965027309568
159,0.00118316966596793,0.4583784,404,2526,54582,1237668271378661560,2844134292232103936
160,0.000248138980656851,0.4362721,278,2525,54569,1237668271915073651,2842973757490882560
161,1.43957342697492E-05,0.178817,630,7618,56898,1237679459748610052,8577278779139051520
162,0.00110187646898229,0.05024875,529,476,52027,1237651752920940614,536073800077305856
162,0.00110187646898229,0.05026412,523,476,52314,1237651752920940614,536072155624925184
163,0.00123570048364949,0.3428728,215,523,52026,1237651752942632987,588904784019351552
164,0.00253734413091641,0.2543997,498,762,52232,1237655108362109100,858072655658510336
165,0.00242420496203119,0.4871534,225,769,52282,1237655108368662532,865878914176673792
165,0.00242420496203119,0.4870799,238,769,54530,1237655108368662532,865882525304645632
165,0.000146802255219873,0.4828672,444,8188,57348,1237655108368662532,9218990606298402816
166,0.000361862666198156,0.08525841,29,1227,52733,1237658492816261137,1381487203007358976
167,0.000600882175243635,0.3079511,84,6006,56105,1237665550497546278,6762178032667217920
168,0.000629933006578674,0.1705441,89,2792,54556,1237665565001973817,3143537080475346944
169,0.000967955348819616,0.4207183,262,2216,53795,1237667430105677962,2495066275244435456
170,0.00109652305888349,0.2979022,150,2595,54207,1237668495247212561,2921751560524425216
171,4.04335106373427E-05,0.2840043,283,7609,56959,1237679504848912411,8567050298367168512
172,0.000621217952423101,0.2967729,383,565,52225,1237654601556033738,636238762933774336
173,0.00122952648132978,0.1601164,4,995,52731,1237658422476144713,1120271552638642176
174,0.000441167387851108,0.01317231,179,1305,52757,1237660669814177814,1469348627829778432
175,0.000318250671021322,0.04752789,310,1601,53115,1237660669820403794,1802651015267248128
176,0.00107864901842121,0.1389904,548,1305,52757,1237660670351245396,1469450057777440768
177,0.000913162304790925,0.2262018,494,1307,52999,1237660670889558085,1471687018244237312
178,0.00117888605779103,0.03562488,218,1603,53119,1237661811729498144,1804877526380603392
179,0.000869545243826641,0.270652,160,1608,53138,1237661811734151232,1810491083314980864
179,0.000286370837209477,0.2702015,248,3245,54894,1237661811734151232,3653613449533038592
180,0.000538665424276984,0.008624043,388,1615,53166,1237661812812349452,1818435055295424512
181,0.00243006235407841,0.1621236,396,886,52381,1237662302428463129,997656209060292608
181,8.76790812815298E-05,0.1617695,561,8222,57431,1237662302428463129,9257303365238673408
182,0.00203343111528333,0.4921223,55,1676,53147,1237662302438621215,1887023414951045120
182,2.0728574539412E-05,0.4925389,930,8490,57104,1237662302438621215,9559145964734009344
183,0.000814669049628856,0.4704914,16,1683,53436,1237662302446616670,1894893998909188096
183,0.000315577534673744,0.4704802,242,10727,58197,1237662302446616670,12077594958678478848
184,0.000937684617970274,0.1921579,620,1736,53052,1237663546898317389,1954732713785190400
184,0.000228753658602555,0.1921771,795,8276,57067,1237663546898317389,9318166275531493376
184,0.000228753658602555,0.1923193,411,8305,57749,1237663546898317389,9350711831155724288
185,0.000272153740696076,0.4267182,106,1779,53089,1237663546900021305,2003005123156011008
185,0.000283684057277942,0.4268849,556,7324,56935,1237663546900021305,8246243866182963200
186,0.00243525760167073,0.2201505,326,652,52138,1237672842284105777,734176385328769024
186,0.000840309133829185,0.2203586,665,7169,56628,1237672842284105777,8071759337163608064
187,0.000461795052322241,0.05618256,372,761,52266,1237673309358719012,856912121705818112
187,0.000461795052322241,0.05601526,396,761,54524,1237673309358719012,856918756658538496
188,0.000931894778846267,0.2110851,222,437,51869,1237673310430494741,492079313542211584
188,0.000931894778846267,0.2110707,234,437,51876,1237673310430494741,492082612194535424
188,0.0045661410567035,0.2112494,998,3674,55182,1237673310430494741,4136830672831795200
188,0.000301330489505112,0.2112217,871,8291,57391,1237673310430494741,9335075670290878464
189,0.000859945377318745,0.03688876,292,1163,52669,1237661388680200322,1309501900785215488
190,0.00135469836420413,0.2541572,260,1685,53463,1237662301374840978,1897212869385152512
191,0.000612212422849478,0.2807869,481,1785,54439,1237663547442987076,2009863624461412352
191,0.000225937978517526,0.2834395,585,8197,57064,1237663547442987076,9229162458480136192
192,0.00192318329485752,0.119668,444,1781,53297,1237663547976122397,2005349835191904256
193,0.000307721363521279,0.09967799,524,2883,54525,1237668603681636416,3246113543367452672
194,0.00270591668233342,0.2244014,155,552,51992,1237654381977272374,621539388072945664
194,0.000377818716556442,0.2246903,300,7295,57067,1237654381977272374,8213522402354941952
195,0.000897378187650592,0.08193932,104,858,52316,1237657879150788730,966050746229352448
196,0.00128261085422338,0.2355721,417,1232,52731,1237658493893279772,1387223355135911936
197,0.000785670934507163,0.4965286,309,1054,52516,1237659118794440735,1186783481296873472
198,0.000251319596398034,0.05126621,443,1309,52762,1237661354314956869,1473924795308468224
199,0.00037458204336562,0.02425128,129,1446,53080,1237661355931795520,1628086776218281984
200,0.0022767402844567,0.1145197,202,1444,53054,1237661356467683397,1625855042055596032
201,0.000240472467961854,0.03150504,599,1447,53120,1237661967428419615,1629341869412476928
202,0.000672067298518143,0.1918546,566,1726,53137,1237662637985300487,1943458872735852544
203,0.00222398257107329,0.265141,295,2745,54231,1237662638510571558,3090676404249978880
204,0.000251579001807931,0.206697,149,2529,54585,1237662638524727575,2847441898136692736
205,0.00137170739244341,0.08178837,292,2025,53431,1237665129071771733,2280027633267795968
206,0.000424757738417787,0.07721192,466,2773,54533,1237667735057989732,3122248610830379008
207,0.000713069476943894,0.0563294,134,902,52409,1237657770171957290,1015598590027917312
208,0.00144333235092632,0.204809,379,1058,52520,1237659153681219695,1191306322444838912
209,0.00202750853711322,0.06949385,444,1056,52764,1237659154216255572,1189072393788745728
210,0.000350261929038906,0.03787673,111,1731,53884,1237662198827843743,1948963315354986496
211,0.000475203988883651,0.2290608,251,1732,53501,1237662199364583771,1950127691743127552
212,0.00238905173200051,0.2009477,419,1738,53051,1237671260125724849,1956929263122802688
213,1.98742974254366E-05,0.2169792,244,8762,57693,1237680097551974459,9865202183032819712
214,0.00229880513995852,0.09478367,527,278,51900,1237648722835865677,313145066635945984
215,0.000612315935925115,0.03724452,469,450,51908,1237651252024836118,506783907828492288
216,0.000687423206565738,0.2273587,248,850,52338,1237655123940999236,957083129762310144
217,0.00100949631401766,0.1080859,59,837,52642,1237655124467646510,942394484149217280
218,0.00107362672618412,0.1642211,10,856,52339,1237655125020573787,963773108278290432
219,0.0010928058790327,0.1027759,74,1012,52649,1237658801497374731,1139431091132721152
220,0.000669441744906344,0.4657001,114,1667,53430,1237662301356884038,1876906538333923328
220,0.00017488252424883,0.466573,734,8210,57426,1237662301356884038,9243840120150577152
221,0.000855385724086076,0.07260436,946,6751,56368,1237662301361471517,7601210412433166336
222,0.000624596217198786,0.3342988,639,1997,53442,1237664820359462950,2248597818694461440
223,0.000918210203351278,0.379181,640,2216,53795,1237667323251916811,2495170179093260288
224,0.00107144586818796,0.4868797,391,487,51943,1237651274040999952,548420764492130304
225,0.00230162663442438,0.3420524,614,442,51882,1237651495224410119,497816565434050560
225,0.00148503532271608,0.3424423,446,7302,57012,1237651495224410119,8221443832954507264
226,0.00285015583180252,0.04199469,58,655,52162,1237652946382749732,737480418172889088
227,0.000328453809243297,0.3569269,548,658,52146,1237652947995394051,740992807799384064
228,0.000721868331027442,0.325743,383,739,52264,1237656242236948506,832145347378702336
228,0.000721868331027442,0.3257094,388,739,52520,1237656242236948506,832146726063204352
229,0.000420455374396296,0.05348795,551,1426,52993,1237661383311818774,1605684775098542080
230,0.00055881446684525,0.0004606231,241,2538,54271,1237663228538519645,2857600280797669376
231,0.000457679776661348,0.4522137,503,2599,54234,1237668624624975912,2926352192505931776
231,0.00045767977632387,0.4527477,732,5854,56035,1237668624624975912,6591219366536433664
232,0.00119235268619374,0.1182318,443,2603,54479,1237668625701535848,2930839303569303552
233,0.00042839671944327,0.1774282,537,270,51909,1237648722292506678,304140616311269376
234,0.000284172371435775,0.1055859,74,508,52366,1237651753467510819,571977533336086528
235,0.000737878139734607,0.210923,315,511,52636,1237651753468625012,575421483162036224
236,0.00170487244617466,0.03417736,528,856,52339,1237655126094119082,963915495034087424
237,0.00192043599771352,0.07267616,60,964,52646,1237658611980238874,1085384047263246336
238,6.54854478400346E-05,0.2823286,477,1585,52962,1237661086956388518,1784682518801311744
238,6.54854467396374E-05,0.282236,908,11118,58522,1237661086956388518,12518004896392564736
239,0.000971317146309335,0.4405904,77,1214,52731,1237661852529000477,1366863698324383744
239,0.000244646943346677,0.4416304,984,8862,57461,1237661852529000477,9977995579475906560
240,0.000730478553967839,0.322985,578,1391,52817,1237662307273212005,1566285697109747712
241,0.00106577274356062,0.08168268,447,1381,53089,1237662307800580110,1554990693598914560
242,0.00217362107934753,0.3340511,247,401,51788,1237663783134625892,451553787484596224
242,0.00217362107934753,0.3338968,57,698,52203,1237663783134625892,785893839977080832
242,1.4207158685774E-05,0.3344068,742,7845,56980,1237663783134625892,8832888845693636608
242,1.41087751035341E-05,0.3344446,998,9379,58081,1237663783134625892,10560089690006114304
243,0.00120121094284483,0.02609349,132,1073,52649,1237663783138361393,1208126928368723968
244,0.000366071731879086,0.09829526,438,2437,53848,1237667485918625874,2743938534057469952
244,0.000560947200101646,0.09820116,685,9550,57787,1237667485918625874,10752532532358828032
245,1.35939427824725E-05,0.391866,64,7824,57282,1237678437553143914,8809058585495752704
245,1.43848511520926E-05,0.3918985,24,9420,57715,1237678437553143914,10605983848964837376
246,0.000320408523532291,0.2589196,146,7258,56605,1237646791699663123,8171821766853021696
247,0.00206346591181191,0.01336469,361,461,51910,1237649964066930743,519139120023365632
248,0.000915962077479767,0.0467449,89,494,51915,1237651271364247574,556219050242369536
249,0.000674521133162365,0.4174148,513,640,52178,1237652600102191125,720716989286344704
249,0.000674521133162365,0.4175721,513,640,52200,1237652600102191125,720716989655443456
250,0.00184369595744175,0.4236842,282,656,52148,1237652629103116341,738667890496006144
251,0.000296485389254334,0.2944251,282,622,52054,1237655349966077998,700387292086298624
251,6.35203576712729E-05,0.2946006,604,8060,57894,1237655349966077998,9074919407848017920
252,0.00126561710305724,0.4675706,4,1675,53466,1237662499462774858,1885883501622880256
252,0.00017268395822436,0.4684283,290,8489,57483,1237662499462774858,9557844149325287424
253,3.87871972577014E-05,0.1863378,618,2006,53476,1237665024909312062,2258725145990424576
254,0.000742715691752582,0.07446658,315,2023,53851,1237665025446838328,2277782162692401152
255,0.00168749660671162,0.4894076,48,2046,53327,1237666273669873724,2303604459357366272
256,0.00118375896648904,0.3971013,555,2481,54068,1237667551418253375,2793510294364645376
256,0.00118375896648904,0.3970262,532,2481,54086,1237667551418253375,2793503972474775552
256,0.000423341479229797,0.3984866,30,6417,56308,1237667551418253375,7224908054378336256
256,0.000158687677850481,0.3981908,633,10467,58138,1237667551418253375,11784968459171155968
257,0.00071416542632682,0.03288136,165,530,52026,1237674601603072055,596772339471902720
258,0.00132955748460668,0.3996014,512,400,51820,1237657071157444676,450500730759964672
258,0.00132955748460668,0.3998835,395,698,52203,1237657071157444676,785986748709627904
258,1.39295596779588E-05,0.4010983,738,7847,57012,1237657071157444676,8835139546532564992
258,1.39295596779588E-05,0.4010474,530,9399,58125,1237657071157444676,10582479046020714496
259,0.0027629014601907,0.1634896,550,403,51871,1237657071160262668,453888876696594432
259,1.32448249760598E-05,0.162808,1,9390,58103,1237657071160262668,10572200536077258752
260,0.00153598854872932,0.02783847,129,951,52398,1237658302207426574,1070766310889121792
261,0.000988047524948253,0.1542298,11,1444,53054,1237660634390986757,1625802540375369728
261,0.000360117220697052,0.1540704,518,7404,56776,1237660634390986757,8336305410702331904
262,0.00119910175867248,0.09349871,149,1218,52709,1237660634920452148,1371387088791955456
263,0.000722388681728216,0.3228939,216,1467,53115,1237661433242779716,1651754589227083776
264,0.000897005852236721,0.4203161,44,1394,53108,1237661433243959449,1569516616910137344
264,0.000275363502057634,0.4207306,834,8504,57518,1237661433243959449,9574882182096506880
265,0.000746904615294467,0.2679094,190,1397,53119,1237661433783320584,1572934448989628416
266,0.001236877106399,0.17813,602,1809,53792,1237662238015291407,2036918471597516800
267,0.000840619292270124,0.3677692,586,2908,54611,1237662238017650787,3274278084911589376
268,0.00115807729257689,0.129768,573,1814,54555,1237662238020010072,2042540012473444352
269,0.000857669860931748,0.0863796,66,2246,53767,1237665548886081562,2528789395910191104
270,0.000312430869476339,0.06334238,56,2148,54526,1237665548893749307,2418448468994451456
271,0.000693592791539101,0.2432972,229,2219,53816,1237667429570052151,2498434904346355712
272,0.00140184355456905,0.06738997,259,2603,54479,1237668589190709289,2930788726034425856
273,0.0019881925194107,0.01948028,121,331,52368,1237650760243216505,372706169120122880
274,0.000661223572906446,0.01930216,38,4053,55591,1237650761862086708,4563282861596364800
275,0.000984493457564404,0.03316471,344,544,52201,1237654391639638190,612584144249055232
276,9.81901397919769E-05,0.1335356,772,9362,57801,1237654392174608477,10540887264485199872
277,0.00402890858725133,0.1250467,217,597,52059,1237654398616797207,672221927435167744
278,0.000565170918969229,0.4368987,198,965,52438,1237658203970273341,1086547876831586304
278,0.000470407285347419,0.437501,958,7394,57131,1237658203970273341,8325167363868872704
279,0.00108326322637782,0.374943,260,1792,54270,1237661970115264597,2017684172956526592
280,0.00018976999926923,0.07481194,189,1621,53383,1237661971181731895,1825135757673654272
281,0.00095391057777453,0.4047702,236,1871,53384,1237663787956502579,2106623653662713856
281,0.000139698041599867,0.4050659,297,7281,57007,1237663787956502579,8197758978018791424
282,0.000456937034495481,0.3008436,216,2016,53799,1237665129085075513,2269873649559300096
282,0.000152430333634767,0.300459,63,10251,58173,1237665129085075513,11541617399473393664
283,0.00060995544251495,0.4426132,65,2023,53851,1237665129086517293,2277713443215665152
284,0.000521253648952119,0.1670667,637,2025,53431,1237665129609756690,2280122466145691648
284,0.000414951879951972,0.1671385,560,10268,58487,1237665129609756690,11560894317477515264
285,0.000654825655656535,0.1926965,130,2289,53708,1237667292116615199,2577220683100612608
285,9.33653252139544E-05,0.1920949,212,9561,57809,1237667292116615199,10764787414453211136
286,0.000776542889403102,0.06521195,151,2281,53711,1237667292650143749,2568219256332249088
286,0.000776542889403102,0.06520693,287,2283,53729,1237667292650143749,2570508439843268608
287,0.000649784420118155,0.2433558,112,2289,53708,1237667292654075927,2577215735298287616
287,0.000385588754089696,0.2422345,36,9561,57809,1237667292654075927,10764739035941588992
288,0.00037967412221829,0.2261382,502,941,52709,1237658205036871793,1059609846497699840
288,0.000351019769072299,0.2262564,457,8286,57062,1237658205036871793,9329332365783486464
289,0.00155370074142083,0.0004606231,275,1257,52944,1237660557062570087,1415331823717738496
290,0.000223358766945335,0.08555584,47,1234,52724,1237660583368196151,1389373450006587392
291,0.00104500551320858,0.03369032,373,1820,54208,1237662238560878668,2049240430511417344
292,0.000261260014170533,0.07885244,614,1951,53389,1237664668971434032,2196799550142834688
293,0.000756015554753611,0.1244479,124,1584,52943,1237664669494542388,1783459586674550784
294,0.000856260434460508,0.4434626,108,2152,53874,1237665442602221603,2422966351334238208
295,0.00140763811520107,0.06627592,308,2488,54149,1237667781752651797,2801323700228483072
296,1.10063538386131E-05,0.3939092,930,7858,57281,1237678597023662093,8847577226579038208
296,2.64205430985859E-05,0.3937449,906,9393,58100,1237678597023662093,10575827000253239296
297,0.000853594284657962,0.1358185,510,302,51616,1237648704589856863,340161986711021568
297,0.000853594284657962,0.1358213,516,302,51688,1237648704589856863,340163637186422784
298,0.00287517024587172,0.3429511,91,485,51909,1237651538166415451,546086500735936512
299,0.00180585810260069,0.2344913,492,551,51993,1237654382513553449,620506122037520384
300,0.000712257194030046,0.08226972,23,919,52409,1237655498671718476,1034708376996571136
301,0.00115761284477352,0.0837663,482,340,51691,1237655499198955616,382938487847938048
301,0.00115761284477352,0.08373255,485,340,51990,1237655499198955616,382939317498046464
302,0.000148996399544203,0.4404943,416,1171,52753,1237659326027923505,1318543186309703680
302,0.000330835107904247,0.441226,701,8526,57898,1237659326027923505,9599615427660763136
303,0.000238227703662599,0.3483747,229,1649,53149,1237662224083320873,1856671946255656960
304,0.00145639144496367,0.3291404,522,2345,53757,1237665126920486976,2640378830845405184
304,0.000223604469408418,0.3288024,658,10449,58137,1237665126920486976,11764709132778885120
305,0.000391568522404361,0.05435418,10,398,51789,1237666338116927553,448110941716899840
306,0.000496727624106895,0.4338264,204,2646,54479,1237667781224628269,2979187303743776768
307,0.0014683258911411,0.05218846,59,782,52320,1237655369290154042,880469983870609408
308,0.00154927139818937,0.06234368,52,1197,52668,1237657628436136041,1347716526903420928
309,0.00133373311303129,0.4562829,80,870,52325,1237657628442951821,979554948192692224
309,0.00133373311303129,0.4569354,321,940,52670,1237657628442951821,1058434193035388928
309,0.000264719024358872,0.4574838,764,4638,55956,1237657628442951821,5222133874583425024
310,0.00238467855944592,0.259275,322,942,52703,1237657628444786773,1060686268280629248
310,0.000194531855011725,0.2593244,383,7284,56683,1237657628444786773,8201160311803498496
311,0.00216145335437417,0.150085,23,1018,52672,1237658801500848188,1146172472186398720
311,0.000260746874666075,0.1500787,390,8214,57867,1237658801500848188,9248249169176711168
312,1.39782748945602E-05,0.3481508,172,1349,52797,1237661872414392455,1518886300256593920
312,0.000490640243229271,0.3483029,473,10749,58485,1237661872414392455,12102428258257358848
313,0.000387219819889511,0.3608546,611,1369,53089,1237661872939728918,1541524974693541888
313,4.22520199516359E-05,0.3613026,243,7427,56751,1237661872939728918,8362125516715872256
314,0.00132522462549527,0.2729934,82,4230,55483,1237663782597492781,4762579237923475456
315,0.000477352179119295,0.210506,575,2356,53786,1237667255080124453,2652778298836281344
315,0.000476108664712693,0.21093,364,10471,58132,1237667255080124453,11789398116540895232
315,0.000476108664712693,0.210941,40,11353,58467,1237667255080124453,12782352779554607104
316,0.000507483032266654,0.05897063,453,2222,53799,1237667255623155793,2501874176432826368
317,0.000173684390287296,0.1382551,249,2520,54584,1237668331498438759,2837336286749026304
318,0.000432775177943459,0.4215071,157,2516,54241,1237668332571656247,2832807392599631872
319,0.00173366349302777,0.08929483,451,2669,54086,1237673453240516809,3005150889850726400
320,0.00022261403397371,0.2221254,262,11288,58401,1237679005023469614,12709230307397881856
321,0.000104125408381623,0.2399645,615,833,52314,1237657401883951120,938043711135180800
321,0.000104125408381623,0.2400684,315,834,52316,1237657401883951120,939087147703494656
322,0.00140543956003404,0.3419518,633,1624,53386,1237658424638111781,1828635503235196928
323,0.00104484549330335,0.1534853,144,1415,52885,1237661464921637034,1593187999003207680
324,0.000317450512962559,0.4596158,504,1810,53794,1237662264316067873,2038017433503033344
325,0.000517670245121531,0.1707076,460,2105,53472,1237664818213683234,2370145805991438336
325,0.000202252637885975,0.171159,620,8865,57426,1237664818213683234,9981273223051104256
326,0.000112504265319491,0.264278,484,2168,53886,1237665535466537048,2441084104138057728
327,0.000987629319696623,0.165382,243,2160,53885,1237665536537198687,2432010659290966016
328,0.000531677071947696,0.1303311,91,2124,53770,1237665548351701040,2391436479273396224
329,0.00101457716864182,0.2907429,566,2234,53823,1237667255627743243,2515416036921075712
329,0.000500859887000286,0.2909834,654,11396,58490,1237667255627743243,12830935250969579520
330,0.00156897633664036,0.06026049,123,2354,53799,1237667287812800519,2650402254426761216
331,0.000754672100876997,0.1632425,114,973,52426,1237655473435574299,1095531986140817408
332,0.0011962678740862,0.04249031,634,1726,53137,1237662534360957178,1943477564433524736
333,0.00242996351069316,0.1309488,35,1393,52824,1237662618653098133,1568388238337402880
334,0.00106341133107106,0.3697132,562,1752,53379,1237664133169152030,1972731174862219264
335,0.00046848547092869,0.4343848,324,1754,53385,1237664133170135057,1974917553834715136
336,0.00109943819739583,0.0435284,51,2020,53431,1237665331465027589,2274331888158009344
337,0.000750113747187525,0.1756461,516,6430,56299,1237667734502637678,7239678343679070208
338,0.000366462365334638,0.20008,265,2650,54505,1237667734513123354,2983707671359678464
339,0.00174854396397319,0.2075965,4,974,52427,1237655130381615382,1096627649494673408
340,0.000585121449388175,0.009057861,463,1014,52707,1237658802571968533,1141789819425286144
341,0.000542775569357674,0.3192542,11,1463,53063,1237661360761471049,1647194638756374528
341,8.90219682200343E-05,0.3194144,164,7407,56772,1237661360761471049,8339585803576692736
342,3.93811325971626E-05,0.3158536,260,1395,52825,1237661360765796468,1570701885696927744
343,0.000764408394483516,0.2461701,316,1397,53119,1237661360767434781,1572969083605903360
343,0.000312680534099116,0.2460642,202,8497,58161,1237661360767434781,9566827170699169792
344,0.00168993895077873,0.1415131,508,1866,53314,1237663917873234053,2101068919744784384
345,0.000899413518981762,0.1780642,66,1959,53440,1237665127460110343,2205656117160208384
345,0.000219919411457435,0.178397,61,10460,58161,1237665127460110343,11776929930046361600
346,0.000655740485872365,0.4930311,133,2645,54477,1237667733971599436,2978041887471986688
347,0.000899561078651274,0.1266571,215,2649,54212,1237667733975400572,2982568022641764352
348,3.36893504780499E-05,0.2377224,120,11047,58424,1237678905713754177,12437849397571899392
349,0.00168973259873704,0.1207952,293,1060,52636,1237657242959872190,1193534484704684032
350,0.00148458154982317,0.3761259,28,1187,52708,1237658491721220237,1336450931436316672
351,0.00181721429874988,0.294261,89,1220,52723,1237658491736227862,1373622396166105088
352,0.000342291881342334,0.3646627,433,1277,52765,1237660765382049800,1437893249560766464
352,0.000269704094234759,0.365164,580,8823,57446,1237660765382049800,9933974432182980608
353,0.00101258577888188,0.2055347,332,1277,52765,1237660765919051807,1437865486892165120
354,0.000822894010433185,0.3003726,36,1373,53063,1237661850935427117,1545870519088211968
354,0.000345737076896053,0.3004193,679,8376,57786,1237661850935427117,9430724392441368576
355,0.000180742334460494,0.1437301,378,1365,53062,1237661851464499273,1536957328060868608
356,0.000721389710425431,0.03664102,300,1047,52733,1237662303509676064,1178899711688468480
357,0.00202909011856715,0.0429575,141,404,51812,1237663783674314797,454902350549641216
357,0.00202909011856715,0.04297762,143,404,51877,1237663783674314797,454902901395974144
358,0.000321638608920986,0.4475948,143,2015,53819,1237665023832227881,2268727683900794880
358,0.000402669777383836,0.4470214,218,10247,58162,1237665023832227881,11537156405737050112
359,8.84607409502987E-06,0.3134726,823,8746,58396,1237669701583503408,9847346950625841152
359,8.84607409502987E-06,0.3134624,400,11313,58426,1237669701583503408,12737415738639536128
360,0.00130687227835006,0.0276994,113,1283,52762,1237658204517171275,1444560688021268480
361,0.000528837000837821,0.1846759,328,414,51869,1237660241924522032,466212752742967296
361,0.000528837000837821,0.1847804,341,414,51901,1237660241924522032,466216326692628480
361,0.000528837000837821,0.1847106,329,1181,53358,1237660241924522032,1329778281150441472
362,0.000180487197248439,0.2568103,96,1211,52964,1237660343395287063,1363491225193179136
362,0.000108684621014372,0.2569794,21,10239,58142,1237660343395287063,11528095055199096832
363,0.000598505927444213,0.4545194,150,1215,52725,1237660343399481397,1368009664217769984
363,0.000137240859294954,0.4551418,636,8833,57779,1237660343399481397,9945248830001008640
364,0.000557168780263107,0.153836,457,1795,54507,1237661972801585176,2021116027600922624
365,0.000821560353661985,0.04994619,369,1799,53556,1237661972802961489,2025595422017349632
366,0.000408505736740144,0.2418267,106,1795,54507,1237661974942253080,2021019545455585280
367,0.000904252915621868,0.1548114,204,1440,53084,1237662193447665730,1621351992687355904
368,0.000480686108330931,0.4459953,618,2018,53800,1237664294757400614,2272235950308354048
369,0.000212437948244305,0.2898963,174,1974,53430,1237665329310924824,2222574302409025536
370,0.000438157283849629,0.3885836,335,2266,53679,1237667109034131612,2551381334727616512
371,0.00133162891874362,0.2610683,419,2771,54527,1237667910066897008,3119983891654404096
372,0.0012575344634932,0.06649079,75,2784,54529,1237667910603571302,3134526032476923904
372,3.69043064144103E-05,0.06628997,802,5870,56065,1237667910603571302,6609253007002718208
373,0.00215154455523297,0.03060896,347,6498,56565,1237680483025223766,7316193087440834560
374,0.000370268457696596,0.3195133,916,7711,57667,1237680499137052974,8682066098458480640
375,0.00143790386589937,0.4271503,50,856,52339,1237654879661195285,963784103394568192
376,0.000510235890604511,0.03588414,111,589,52055,1237654880205209622,663185591055181824
377,0.00113821505879166,0.4675294,213,409,51871,1237657584950902794,460551642283010048
377,4.74252459827332E-05,0.4679449,320,7822,57041,1237657584950902794,8806877150382936064
377,4.72362323067043E-05,0.4680001,711,9311,57743,1237657584950902794,10483449600710823936
378,0.000627027987501171,0.308142,432,714,52201,1237657586030346537,804011317668112384
379,0.00310081822624693,0.3526317,473,410,51816,1237657586562367545,461749009522911232
379,0.00310081822624693,0.3526043,473,410,51877,1237657586562367545,461749010546321408
379,0.00310081822624693,0.3526396,507,708,52175,1237657586562367545,797276533633869824
380,0.00024295926045049,0.2688824,495,1575,53493,1237662307812442253,1773428476443912192
381,0.00119540096133745,0.0482723,235,1404,52825,1237662336254541906,1580828112910837760
382,0.000135326026654451,0.4313879,510,7751,58081,1237666184572829913,8726990501247733760
383,0.0011180572581701,0.0551085,105,2355,53792,1237667322174308370,2651523206413838336
384,0.000852780826248089,0.1485947,283,774,52286,1237653616935108668,871524356696598528
385,0.00167404644916393,0.05095258,520,560,52296,1237653618007605277,630646922863994880
386,0.000506199800636401,0.4689836,574,976,52413,1237655504035643433,1099036129480435712
386,0.000606462376705242,0.4696695,711,10904,58402,1237655504035643433,12277008163367309312
387,0.00163958396781509,0.1853971,190,2973,54591,1237655504572710951,3347352726869665792
388,0.00016030661479582,0.4219211,172,939,52636,1237657873792565301,1057267335749986304
388,0.000139712202572976,0.4218811,43,8298,57390,1237657873792565301,9342729370715049984
389,0.000354618728741701,0.1355941,493,1205,52670,1237660343925997873,1356844947348678656
390,0.00158831686022421,0.1331618,125,2582,54139,1237671260667576429,2907107988646946816
391,0.00237673398342524,0.02878478,195,2578,54093,1237671261202219152,2902623629701310464
392,0.00060706407244418,0.363488,538,7706,57575,1237680331633983502,8676332693531938816
393,0.000349552753839634,0.0769651,85,1832,54259,1237655742946345050,2062672065411966976
394,0.00076260827017099,0.03556989,30,1834,54562,1237655743484657734,2064908752024266752
395,0.00026509609837286,0.07126701,246,1445,53062,1237661966353104935,1626993036724561920
396,0.000290634211682518,0.3508468,33,1645,53172,1237662663208665107,1852114470944401408
396,0.000198249869459036,0.3504505,139,10754,58224,1237662663208665107,12107965944191799296
397,0.000395653249563263,0.4083879,338,1923,53319,1237664092894396610,2165198485274519552
398,0.000425270059414086,0.3020917,212,1928,53327,1237664092897738798,2170793350326675456
398,0.000221853732799222,0.3021395,595,9601,58083,1237664092897738798,10809928693562232832
399,0.000781604415049177,0.3889111,188,2004,53737,1237665226230857737,2256355153055606784
400,0.000451879844805767,0.0403911,470,2094,53851,1237665226239311902,2357763662153803776
400,0.000170192506445533,0.04036834,206,6496,56363,1237665226239311902,7313902526453272576
401,0.000702515400987095,0.1222322,566,2294,53733,1237667113334341639,2582970029821683712
401,0.000702515400987095,0.1221442,577,2294,54524,1237667113334341639,2582973066749437952
401,0.000246141348836014,0.1220975,732,9630,58086,1237667113334341639,10842617449184251904
402,0.00221031419136457,0.04895768,612,2348,53757,1237667113338601477,2643781269577558016
402,0.00221031419136457,0.04910105,392,2351,53772,1237667113338601477,2647098496410216448
402,0.00221031419136457,0.0489959,392,2351,53786,1237667113338601477,2647098496645097472
403,0.000951605513739671,0.2134592,640,2773,54533,1237667783384498283,3122296439586187264
404,0.000817663851873099,0.1098744,430,2774,54534,1237667783384629345,3123364615149348864
405,0.00100469466155736,0.06107836,35,952,52409,1237655107838804035,1071866372457261056
405,0.00367096923200947,0.06107284,869,7099,56666,1237655107838804035,7993002419415175168
406,0.00035908829090603,0.4979593,160,1214,52731,1237660635453194247,1366886513190660096
406,0.000157755769229055,0.4982886,902,8862,57461,1237660635453194247,9977973039487537152
407,0.000334512422183857,0.02940889,153,1436,53054,1237660635461320734,1616834373783414784
408,0.0010584673602418,0.2576781,618,1217,52672,1237660635993604115,1370390106002712576
408,0.000142301227662108,0.2573599,950,8301,57390,1237660635993604115,9346356384697176064
409,0.0023170301190544,0.1215033,443,1323,52797,1237661418748117011,1489687394591467520
409,9.97083327860811E-05,0.1214984,809,8203,57428,1237661418748117011,9235979436679254016
410,0.000308597008637503,0.2876647,501,1831,54557,1237662236410314784,2061660519714023424
411,0.000265763728943671,0.4144244,312,1233,52734,1237662236930998326,1388320392912857088
412,0.000419947016379416,0.01626604,85,2127,53859,1237665532785786979,2394812531219654656
413,0.00117045756836561,0.4357807,506,2153,54212,1237665532791095418,2424201658318743552
414,0.000734985025130448,0.2161547,140,2162,54207,1237665533330260008,2434234152082499584
415,0.000820394134185423,0.2538877,557,2161,53878,1237665534927503504,2433222870743148544
416,0.000517539715153042,0.1194492,12,2782,54592,1237668312164007978,3132256916412065792
417,0.000601173143313999,0.05326737,138,2570,54081,1237671123754549333,2893600762204547072
418,0.000922459601683233,0.08447076,451,2586,54169,1237671124304527469,2911701198975297536
418,0.000333276694903092,0.08422577,573,9577,57786,1237671124304527469,10782901043501223936
419,0.00140022566297751,0.03551709,418,767,52252,1237654653644243029,863680165295712256
420,0.00380231437030444,0.2127112,91,372,52173,1237657189818433661,418859815691905024
421,0.00255439905267881,0.4761917,20,957,52398,1237658311332790349,1077491748638320640
422,0.000842707503520545,0.09733227,552,1419,53144,1237662474767368261,1597803753161910272
423,0.0013677547453058,0.08385639,427,990,52465,1237663479792075091,1114758321996326912
423,0.000326359342055688,0.0837119,356,9229,58015,1237663479792075091,10391028231256166400
424,0.000326247537957583,0.3304307,610,1928,53327,1237664668424208545,2170902751733639168
424,0.000568762073628808,0.3297258,292,9606,58103,1237664668424208545,10815474905426186240
425,0.00107012688122045,0.08519408,476,2652,54508,1237667782841073686,2986017470462060544
426,0.000413404717529965,0.1965366,433,2770,54510,1237667782844547077,3118861839753046016
427,0.00108756204466331,0.1179971,246,432,51884,1237651273490628809,486456411329423360
428,0.00313994711167954,0.07390003,279,650,52143,1237652900210933776,731911666337343488
429,0.00161246298468198,0.1158406,472,556,51991,1237655370352623642,626130123980040192
429,0.000275791511215857,0.1160746,118,8192,57348,1237655370352623642,9223404595728109568
430,0.00165837903531741,0.4208928,618,561,52295,1237655370894213179,631799760788940800
430,0.000470878423277616,0.4210257,930,7096,56683,1237655370894213179,7989641487532183552
431,0.000868311955116551,0.2585572,48,1467,53115,1237661360227549221,1651708409738717184
431,3.72134630476953E-05,0.2585913,278,8503,57519,1237661360227549221,9573603450090180608
432,0.00046389894051802,0.2739726,545,1650,53174,1237662663213056110,1857884708000524288
433,0.000771685453683888,0.4975437,301,1773,53112,1237664290470756364,1996303325292685312
434,0.000846958377345643,0.1341881,612,1776,53858,1237664291548233779,1999766524558075904
435,0.000865619628382668,0.02129865,168,2296,53735,1237667211050680439,2585112428261959680
436,0.000555098261302372,0.2253893,152,2757,54509,1237668271365161017,3104147900255463424
437,0.00230424266731491,0.07809116,99,613,52345,1237671769073254405,690203895149914112
438,0.000638965883786174,0.1247753,162,2147,53491,1237671930671005742,2417351688781326336
439,0.00150905744151675,0.04102301,278,441,51868,1237651191354687536,496598306315593728
439,0.000437361078301661,0.04095912,988,6391,56329,1237651191354687536,7195897990187601920
440,0.000762048361643041,0.07504274,311,498,51973,1237651537642913822,560783673738160128
440,0.000762048361643041,0.07506416,318,498,51984,1237651537642913822,560785598068058112
441,0.00151861517639721,0.0390731,314,420,51871,1237653651839975466,472964303926880256
442,0.00190533260319833,0.1717544,307,421,51821,1237653651841024041,474088278849513472
443,0.000187689531003066,0.110327,524,978,52431,1237655503499886636,1101274185700763648
443,0.000187689531003066,0.1103326,524,978,52441,1237655503499886636,1101274185868535808
444,0.000873758967132192,0.02850778,138,1171,52753,1237659324954968074,1318466770251573248
445,0.000548893522492944,0.4016196,418,1437,53046,1237662195594035235,1618033116201379840
445,0.000420627674121488,0.4024283,818,8366,57432,1237662195594035235,9419503595462873088
446,0.000275838358587946,0.1738158,988,8533,58017,1237662701332136105,9607575618964443136
447,0.000647011581921443,0.02865592,218,1930,53347,1237664667887534206,2173046799743346688
448,1.51022361423426E-06,0.3953749,767,8755,58138,1237667227682472026,9857464652296114176
448,1.51022361423426E-06,0.3953837,123,11071,58429,1237667227682472026,12464871820053729280
449,0.000208663101982395,0.06540058,414,7652,57579,1237680529738825995,8615500013769084928